date,temperature,precipitation,soil_moisture,apple_yield,persimmon_yield,organic_certified,farm_size_hectares,export_ready,sustainable_practices,carbon_neutral,subsidy_eligible,tax_optimized
2024-01-01,17.483570765056164,0.5061641354637068,0.38819349325311164,919.7559056228328,858.2867906796446,True,3.5,True,True,True,True,True
2024-01-02,14.308678494144077,6.605740212503822,0.5491838863697398,888.2156305456823,1173.9499276149186,True,3.5,True,True,True,True,True
2024-01-03,18.23844269050346,0.024457888717938615,0.5094627247522739,1075.4423750129042,799.089363269016,True,3.5,True,True,True,True,True
2024-01-04,22.61514928204013,7.0050538457589635,0.75742295053405,1313.1048058468682,925.7736161677462,True,3.5,True,True,True,True,True
2024-01-05,13.82923312638332,0.08823799723700379,0.48119694955831654,986.8499477854025,812.2744037821348,True,3.5,True,True,True,True,True
2024-01-06,13.829315215254097,4.435442458320018,0.5902941751390217,888.9600946613604,785.1665520213286,True,3.5,True,True,True,True,True
2024-01-07,22.896064077536955,1.5002865006987807,0.6161321439597651,1376.231413888118,937.8614724481653,True,3.5,True,True,True,True,True
2024-01-08,18.837173645764544,9.913657215852066,0.3065472282941668,710.3972199167513,756.4588183717023,True,3.5,True,True,True,True,True
2024-01-09,12.652628070325239,0.15332275190890987,0.6317686860083553,560.2388086759836,840.1088471107854,True,3.5,True,True,True,True,True
2024-01-10,17.712800217929825,1.6142193274666976,0.3890179834348757,1088.0028900106665,848.2546709294021,True,3.5,True,True,True,True,True
2024-01-11,12.682911535937688,6.96715044251201,0.7805351587347276,899.5891551294778,699.7864319535427,True,3.5,True,True,True,True,True
2024-01-12,12.671351232148716,1.480887866362088,0.37433136387655647,795.7534365738574,948.8063524304785,True,3.5,True,True,True,True,True
2024-01-13,16.20981135783017,1.9852565807623748,0.5073120618635119,1141.6712894598706,773.7560364956887,True,3.5,True,True,True,True,True
2024-01-14,5.43359877671101,2.3798024762335483,0.3426748340393219,1048.7601427542397,686.6382260760734,True,3.5,True,True,True,True,True
2024-01-15,6.375410837434837,1.2122555113539017,0.7984371259229737,887.1842738526543,880.4764765355606,True,3.5,True,True,True,True,True
2024-01-16,12.188562353795136,1.9753483460160441,0.5510975051656213,743.9391202658212,665.2298027313444,True,3.5,True,True,True,True,True
2024-01-17,9.93584439832788,1.7556517236115112,0.5976925086600219,1174.491465656029,804.2271736053692,True,3.5,True,True,True,True,True
2024-01-18,16.571236662976368,4.628465538965295,0.33353823869421373,1130.0402355917322,798.6321505033694,True,3.5,True,True,True,True,True
2024-01-19,10.459879622393945,0.09302292348696195,0.6749802351995888,980.1648272441234,962.8843348747367,True,3.5,True,True,True,True,True
2024-01-20,7.938481493323542,0.6596854517975169,0.40495279654779287,1369.3273992095333,871.2047349319929,True,3.5,True,True,True,True,True
2024-01-21,22.32824384460777,6.007992011721862,0.7490271447203569,785.9830467347695,796.2459561882284,True,3.5,True,True,True,True,True
2024-01-22,13.871118497567322,4.419351656906972,0.4025698202410036,694.8949658150523,922.6649448800431,True,3.5,True,True,True,True,True
2024-01-23,15.33764102343962,1.21635052391924,0.3953438603318333,861.6183860237511,1008.5311323525971,True,3.5,True,True,True,True,True
2024-01-24,7.8762590689327165,1.9358660574779545,0.31827483392404743,990.8827967289004,883.6715459527793,True,3.5,True,True,True,True,True
2024-01-25,12.278086377374088,0.6497468397902603,0.5360334725549996,1048.6678898645384,801.5528929765071,True,3.5,True,True,True,True,True
2024-01-26,15.55461294854933,0.416808322872129,0.5824205666313083,951.752788428734,603.224565147476,True,3.5,True,True,True,True,True
2024-01-27,9.245032112888486,1.2461171976081975,0.3328543197141762,1070.4110793028594,640.2329505386941,True,3.5,True,True,True,True,True
2024-01-28,16.87849009172836,0.8719070692334667,0.6877638083475053,749.6921151619111,754.2162943467998,True,3.5,True,True,True,True,True
2024-01-29,11.996806550405974,1.752487412013286,0.5266444173740138,1288.7529208146518,708.5731696761076,True,3.5,True,True,True,True,True
2024-01-30,13.541531251033616,0.16184456886636958,0.56219513466379,983.5697643214862,771.9543045521831,True,3.5,True,True,True,True,True
2024-01-31,11.991466938853016,7.329920245045135,0.5203813734691141,1223.4591663176254,808.4974887345661,True,3.5,True,True,True,True,True
2024-02-01,24.261390922544688,8.567731151105077,0.500381530437663,1068.5450692755408,879.4539131535096,True,3.5,True,True,True,True,True
2024-02-02,14.932513876310331,2.3957277638255787,0.5798201656541089,1091.3506438307568,789.4251832911364,True,3.5,True,True,True,True,True
2024-02-03,9.711445355220498,1.5361568688241798,0.37762012296535624,1113.9534560464408,872.9752465739302,True,3.5,True,True,True,True,True
2024-02-04,19.112724560515943,0.74075860310872,0.39096406524763555,1089.541712003463,809.671162221518,True,3.5,True,True,True,True,True
2024-02-05,8.895781750144888,3.3618143349759935,0.7308928105067587,1128.5445519735088,503.6800150469193,True,3.5,True,True,True,True,True
2024-02-06,16.044317975023777,2.3086591672976313,0.7730577310668163,1265.8305060264863,659.0996909271869,True,3.5,True,True,True,True,True
2024-02-07,5.201649380601122,0.35494730820097675,0.48665465813987646,1039.3042339402941,778.3868666417577,True,3.5,True,True,True,True,True
2024-02-08,8.359069755507846,4.836602183998255,0.4353723365717769,1141.8007515177023,618.5457885738339,True,3.5,True,True,True,True,True
2024-02-09,15.984306179345618,3.4579890227345427,0.6219997716195078,982.0528611425547,889.9893094994306,True,3.5,True,True,True,True,True
2024-02-10,18.692332899977053,5.983477050066872,0.5043670855490482,1288.0234430898945,1029.6126248515545,True,3.5,True,True,True,True,True
2024-02-11,15.856841405949853,2.5872080083922686,0.3126931778301724,864.721539588146,982.8142777545975,True,3.5,True,True,True,True,True
2024-02-12,14.421758588058797,1.9008080391827455,0.37807629868309517,1360.1880865821631,767.9835693604688,True,3.5,True,True,True,True,True
2024-02-13,13.494481522053556,1.0834050131862267,0.6579861144236987,991.9684098711314,1023.6089205274928,True,3.5,True,True,True,True,True
2024-02-14,7.607390048162863,5.398036723094236,0.6294619709550757,713.8449795763904,822.3001185803167,True,3.5,True,True,True,True,True
2024-02-15,11.400778958026457,4.02078476009384,0.31354799625174173,1025.6208829821578,749.4371043322941,True,3.5,True,True,True,True,True
2024-02-16,12.696806145201062,0.09254587730624557,0.4109860809664747,863.7896685050239,707.9896004688591,True,3.5,True,True,True,True,True
2024-02-17,20.285611131094576,0.05344163373302273,0.4155373982940357,1168.1287097977447,754.6295470267808,True,3.5,True,True,True,True,True
2024-02-18,16.71809144784231,0.9446955231665257,0.6359463717993642,869.4752041395218,741.7734772188157,True,3.5,True,True,True,True,True
2024-02-19,6.18479922318633,3.3272954459921724,0.30985526887718207,910.763313357044,825.5624333563231,True,3.5,True,True,True,True,True
2024-02-20,16.620419846973974,8.728550936440335,0.3520542909922869,622.0918538108938,824.0860971574797,True,3.5,True,True,True,True,True
2024-02-21,13.074588597918417,0.32601901986895937,0.6999580426865947,909.5387361501846,800.4569030230122,True,3.5,True,True,True,True,True
2024-02-22,11.615389998470206,1.8034482604314714,0.3892723310271668,515.2241346742087,865.5407254619524,True,3.5,True,True,True,True,True
2024-02-23,18.05838144420434,0.9589473995161922,0.6263730539259373,683.2194353028553,978.5969412179512,True,3.5,True,True,True,True,True
2024-02-24,20.154997612479754,7.007417108751925,0.41909139052336325,1152.0829312288595,942.4331203161986,True,3.5,True,True,True,True,True
2024-02-25,19.656400595580994,3.6918264148672693,0.34972069637967257,1157.1600317301663,577.2653047325144,True,3.5,True,True,True,True,True
2024-02-26,10.803912383886807,3.6443800929397145,0.42158609549972703,1085.091512356993,416.9118297647068,True,3.5,True,True,True,True,True
2024-02-27,13.453938120743928,1.264831142279547,0.6611334659278296,806.6047713741574,940.147986685891,True,3.5,True,True,True,True,True
2024-02-28,16.65631715701782,1.071669872654698,0.7278482340531429,990.457728771604,594.9681952376868,True,3.5,True,True,True,True,True
2024-02-29,19.877725635611796,0.6387777843001224,0.7151099322834957,999.2794921818863,766.2851897160974,True,3.5,True,True,True,True,True
2024-03-01,12.60412881077355,0.11605392768967243,0.4985917648092274,768.3270621614914,624.4830460910961,True,3.5,True,True,True,True,True
2024-03-02,14.071705116680914,4.000852280006621,0.634042568285323,1300.67966035343,529.702934362997,True,3.5,True,True,True,True,True
2024-03-03,9.468325129969859,3.352234878499846,0.4024921477079105,1175.4724581151343,881.2194092307182,True,3.5,True,True,True,True,True
2024-03-04,9.018966879596647,16.344891195636166,0.4465738651305066,955.8071652340673,913.873274045397,True,3.5,True,True,True,True,True
2024-03-05,19.062629111970992,11.389746801488666,0.7481679092605599,1005.3771677989062,713.5234398909921,True,3.5,True,True,True,True,True
2024-03-06,21.781200142854114,1.621303185282788,0.306500961755368,1041.6765615895106,411.34365617826353,True,3.5,True,True,True,True,True
2024-03-07,14.63994939209833,2.9305661804125216,0.34275426542723403,591.6530263151419,718.0633327621276,True,3.5,True,True,True,True,True
2024-03-08,20.01766448946012,5.792343365748872,0.40394312757301365,950.5645234958806,858.770600810382,True,3.5,True,True,True,True,True
2024-03-09,16.80818012523817,3.7895440294184914,0.31326610193690985,863.6031504004403,578.1632646838807,True,3.5,True,True,True,True,True
2024-03-10,11.774401226974378,0.568304889162293,0.39071771754489865,799.6759980210169,827.5039879668733,True,3.5,True,True,True,True,True
2024-03-11,16.80697802754207,1.197653654799729,0.5915207804848461,943.779941422809,797.7035226240507,True,3.5,True,True,True,True,True
2024-03-12,22.690182832329846,0.2765926886261773,0.510712275296249,1359.5373053699045,886.8937249401632,True,3.5,True,True,True,True,True
2024-03-13,14.820869804450242,6.160447572883418,0.7463358555384874,1128.168572253402,817.937055262123,True,3.5,True,True,True,True,True
2024-03-14,22.82321827907003,1.8636954051772363,0.7087217808692204,885.7642020434406,654.0396588677667,True,3.5,True,True,True,True,True
2024-03-15,1.9012744795512777,0.5192074508369674,0.470908675848938,1114.5165562712318,979.4857252496737,True,3.5,True,True,True,True,True
2024-03-16,19.10951252187612,2.2276590783465005,0.42971171671564623,1279.8710873172004,776.2205640459545,True,3.5,True,True,True,True,True
2024-03-17,15.435235341190856,1.9253408694861434,0.48984620408363344,1184.9267365825538,795.9043190735102,True,3.5,True,True,True,True,True
2024-03-18,13.504963247670663,0.8868409245942122,0.5951474712574039,1011.9260739840348,660.0098061390206,True,3.5,True,True,True,True,True
2024-03-19,15.458803882677511,0.24107824279693854,0.4340318204114381,870.6126444588853,733.5076623212734,True,3.5,True,True,True,True,True
2024-03-20,5.0621554269955364,2.226882567038204,0.612074453924567,1139.644662722718,667.2795928959649,True,3.5,True,True,True,True,True
2024-03-21,13.90164056081244,1.4692208483720754,0.5047058260956202,1078.69707708435,774.0580910114866,True,3.5,True,True,True,True,True
2024-03-22,16.78556285755873,2.95961416192103,0.57602359042599,1179.0386440055465,1056.7562720213514,True,3.5,True,True,True,True,True
2024-03-23,22.38947022370758,1.4686197208470302,0.5180632645676584,1127.034360336394,594.2148285602966,True,3.5,True,True,True,True,True
2024-03-24,12.408648908631763,3.823540222616968,0.4472328797709588,1209.910543063867,557.9657903184889,True,3.5,True,True,True,True,True
2024-03-25,10.957531985534061,1.605508238042975,0.7742266534810783,892.9529576878864,1020.6755491240413,True,3.5,True,True,True,True,True
2024-03-26,12.491214782077318,1.6462291619602942,0.6818028970798804,1263.4788131268651,768.6014484272201,True,3.5,True,True,True,True,True
2024-03-27,19.57701058851037,4.185517286459543,0.37005658788322626,1039.51992093848,699.6390892010126,True,3.5,True,True,True,True,True
2024-03-28,16.643755548298422,1.033294627976234,0.7342339879489563,1415.052174525053,955.9857031094115,True,3.5,True,True,True,True,True
2024-03-29,12.351198981164806,0.2877759107805979,0.5437155991247569,862.1624363820864,709.1576690394704,True,3.5,True,True,True,True,True
2024-03-30,17.56633716556678,0.05841004286418937,0.7472761134470457,1347.1927606330498,1073.9014570320405,True,3.5,True,True,True,True,True
2024-03-31,15.485387746740201,2.8141149053251713,0.6999276279736576,1039.5821566925295,901.6888807008904,True,3.5,True,True,True,True,True
2024-04-01,19.843224952664446,1.9367979341213593,0.5126067522346167,869.7163992771103,726.8132887781446,True,3.5,True,True,True,True,True
2024-04-02,11.489734530613237,2.435330695595753,0.3112346541600587,903.2228331891357,1123.5962319898256,True,3.5,True,True,True,True,True
2024-04-03,13.361689267011158,0.47896298698688694,0.43433867969247303,935.930538361136,709.1427615494993,True,3.5,True,True,True,True,True
2024-04-04,13.039459234339212,0.2932251024565573,0.5708171073304334,1084.8331892803833,911.314305801396,True,3.5,True,True,True,True,True
2024-04-05,7.682425259339407,0.029302952531337564,0.6167391099130737,1104.5670976070999,844.8938870609738,True,3.5,True,True,True,True,True
2024-04-06,16.48060138532288,0.8633745230301385,0.42894384271660113,885.2599992122842,995.2611934098197,True,3.5,True,True,True,True,True
2024-04-07,16.305276360899448,1.7827947513298892,0.36967803703641205,995.1290815478035,1034.226679509028,True,3.5,True,True,True,True,True
2024-04-08,15.025567283212304,0.9959637351223014,0.7174651183996495,1428.4540717223726,804.800622359865,True,3.5,True,True,True,True,True
2024-04-09,13.827064333124266,1.1506391256568624,0.792201090351776,1345.5086340201424,686.9873194480725,True,3.5,True,True,True,True,True
2024-04-10,7.923146289747929,4.690123045962883,0.562845091151343,1087.2647339348064,868.9958214408674,True,3.5,True,True,True,True,True
2024-04-11,12.896773386173205,0.8562052288502234,0.38583964292415174,1007.60069563364,698.3426945371841,True,3.5,True,True,True,True,True
2024-04-12,13.286427417366152,1.4430500561446422,0.43615366325968447,1024.0062653436523,1102.0080871289933,True,3.5,True,True,True,True,True
2024-04-13,10.988613653891905,3.0617434754394033,0.30919533827373336,1122.7035945460834,820.4802996624106,True,3.5,True,True,True,True,True
2024-04-14,14.193571441669954,1.0101602625983594,0.7571494032802495,795.4414869603189,745.2017673031837,True,3.5,True,True,True,True,True
2024-04-15,17.020254284072692,1.9461809507061707,0.35887554144507056,948.524692515331,827.7020458797363,True,3.5,True,True,True,True,True
2024-04-16,24.43092950605265,3.9662812873686133,0.5882582377571268,666.2831852244822,597.9310565705455,True,3.5,True,True,True,True,True
2024-04-17,15.872889064159194,5.972380830749335,0.437027610343603,1079.844624521056,654.2578942234022,True,3.5,True,True,True,True,True
2024-04-18,16.28775195361382,0.31816375862967194,0.5770890012578966,1129.4391879405482,980.0620861916639,True,3.5,True,True,True,True,True
2024-04-19,14.627770421169163,5.223325526084158,0.6257101941759321,903.3627075401253,701.4658581542907,True,3.5,True,True,True,True,True
2024-04-20,5.406143923504793,1.3550055619910613,0.7148709018536008,1314.7973526580065,642.963352597709,True,3.5,True,True,True,True,True
2024-04-21,14.867430622753915,0.5974709087027915,0.4032106358803016,754.8468673995318,880.497912879093,True,3.5,True,True,True,True,True
2024-04-22,15.301151049705132,1.229173934741395,0.3054979143292402,707.125023958036,977.8556231994496,True,3.5,True,True,True,True,True
2024-04-23,27.31621056242643,7.827306195161183,0.3684428150344036,1044.8903637119945,907.84299659976,True,3.5,True,True,True,True,True
2024-04-24,14.038195176094387,1.3569825853347195,0.7500093209240526,1209.4196605224308,949.4071528708724,True,3.5,True,True,True,True,True
2024-04-25,16.507736711668063,0.7972320642009996,0.7369450387812576,1336.7855382915736,686.4807367145809,True,3.5,True,True,True,True,True
2024-04-26,14.826441151473784,2.006972547915319,0.5987065510851541,908.223147426212,586.7283999887234,True,3.5,True,True,True,True,True
2024-04-27,9.156609811902339,0.5492569354312059,0.6002584302168267,1215.7361666862591,1025.200047793323,True,3.5,True,True,True,True,True
2024-04-28,20.714114072575104,0.15779060995247007,0.6325183372731278,992.2983060998586,751.5980241736796,True,3.5,True,True,True,True,True
2024-04-29,18.759665163433873,0.2759504394248317,0.3876856393117248,965.4745400118361,762.3750475317429,True,3.5,True,True,True,True,True
2024-04-30,18.955159735215233,0.27403684813401424,0.7572059729624798,1176.7319874973346,999.2291212773587,True,3.5,True,True,True,True,True
2024-05-01,10.453062726026305,0.32951980311334594,0.5093852624460365,1130.464575682684,883.434501410099,True,3.5,True,True,True,True,True
2024-05-02,22.013971554680495,0.2989201321350331,0.4915692641247487,684.7215686031501,868.3831658122411,True,3.5,True,True,True,True,True
2024-05-03,7.990744686038596,2.048168102151613,0.5594588526414188,1295.308069945179,1124.7503517351627,True,3.5,True,True,True,True,True
2024-05-04,17.934285469001352,0.40149271406896325,0.3234829833875275,1276.0182708294903,703.4722654429786,True,3.5,True,True,True,True,True
2024-05-05,25.952278129049894,0.8482786315896105,0.3831416843780397,874.8874596980941,939.1760192121856,True,3.5,True,True,True,True,True
2024-05-06,10.047318374346558,4.5419482502567154,0.6690168082131852,1079.1607066874817,808.5519687345627,True,3.5,True,True,True,True,True
2024-05-07,12.16851135198614,1.2847622832931873,0.3413993339625632,1098.8060372565478,840.2888418294885,True,3.5,True,True,True,True,True
2024-05-08,15.498256825438206,2.202578167304761,0.6015760547331941,1052.1347531647814,1029.2702639618797,True,3.5,True,True,True,True,True
2024-05-09,12.482621729419003,0.378257034226433,0.42267455484066047,889.938969230916,876.1753634434435,True,3.5,True,True,True,True,True
2024-05-10,7.246682844669337,0.4271019619901901,0.49464780702098826,865.6753264123897,880.7444118574449,True,3.5,True,True,True,True,True
2024-05-11,15.342814874030136,0.08345442543513061,0.4443468683853499,994.8891858017109,960.8761005964703,True,3.5,True,True,True,True,True
2024-05-12,9.688481431369475,0.37009468813116175,0.47783635823247456,1234.545803851873,745.2570905685672,True,3.5,True,True,True,True,True
2024-05-13,17.36796215317591,0.653096237262291,0.6595229525921227,1108.7200309188866,674.118549899149,True,3.5,True,True,True,True,True
2024-05-14,10.402878828830985,0.3896236349662159,0.4485608578115875,925.8771335827788,643.2786208968449,True,3.5,True,True,True,True,True
2024-05-15,22.749672025087698,0.18577181572073515,0.5832023201484486,1154.339742129669,505.04651159359975,True,3.5,True,True,True,True,True
2024-05-16,11.083733538318814,0.25711242698670506,0.5380252010995499,430.29147587398495,1108.4310694910482,True,3.5,True,True,True,True,True
2024-05-17,13.389692418971622,1.2352586867307582,0.631835582681324,1229.7531400744206,634.5187451417476,True,3.5,True,True,True,True,True
2024-05-18,19.067586086848348,0.46218441269019317,0.7684148696623789,652.0572442443801,766.8119564621342,True,3.5,True,True,True,True,True
2024-05-19,8.845678417830225,0.905962231021837,0.6662860486051252,927.5118117193736,758.4780050166619,True,3.5,True,True,True,True,True
2024-05-20,16.137299673020646,1.4000103694286608,0.40747018929537837,776.0660210747712,846.1110046713651,True,3.5,True,True,True,True,True
2024-05-21,21.53571377141214,2.3449148680250844,0.3155915675306423,741.0637048558189,922.3605818808945,True,3.5,True,True,True,True,True
2024-05-22,6.962583827193862,0.08021146020003085,0.43113202214991253,1232.1653574757038,929.0710232539618,True,3.5,True,True,True,True,True
2024-05-23,15.923169292661521,3.212988487652239,0.5975389653501274,906.4597597376218,712.5383842146592,True,3.5,True,True,True,True,True
2024-05-24,16.299413971242117,1.9771873807345928,0.32571290674212516,1069.3007763461433,774.9317429320383,True,3.5,True,True,True,True,True
2024-05-25,18.90911435888655,0.17059086075266852,0.5481831236006182,990.6158842241632,842.3869925732449,True,3.5,True,True,True,True,True
2024-05-26,8.81524644560959,4.136269396976181,0.5984214244584446,1095.4081654446243,762.696331072468,True,3.5,True,True,True,True,True
2024-05-27,8.397716934578618,5.073387092757856,0.4671219454084804,1015.3643782120511,1041.101836402999,True,3.5,True,True,True,True,True
2024-05-28,17.60970782808449,0.1260456551203268,0.685456101872911,743.4015551622861,873.6462427457377,True,3.5,True,True,True,True,True
2024-05-29,16.48492336616593,0.6483536862573016,0.3532991265668859,1199.253363889428,910.2316679074726,True,3.5,True,True,True,True,True
2024-05-30,16.252464251729382,3.281870366453285,0.33756889086790437,901.2486833677375,899.4321903001119,True,3.5,True,True,True,True,True
2024-05-31,16.732241047484877,2.7587144804286168,0.6640943781018016,688.6836202680497,976.0210786227988,True,3.5,True,True,True,True,True
2024-06-01,11.599876392107547,0.40795926412360095,0.5477456581030993,914.3769678068174,827.153233805556,True,3.5,True,True,True,True,True
2024-06-02,16.161268485805017,0.4697980623630665,0.644201198213868,1300.1519581268622,605.4752078066231,True,3.5,True,True,True,True,True
2024-06-03,16.465362366493405,0.9255702200487395,0.5174136693018732,1170.0443484226985,859.9531927628963,True,3.5,True,True,True,True,True
2024-06-04,11.42824290986816,1.3253251293372288,0.4232010166195534,930.2695731184282,702.2964659312256,True,3.5,True,True,True,True,True
2024-06-05,24.328872555723784,1.926003668117104,0.7095511588370998,930.1484591363143,720.7074977375364,True,3.5,True,True,True,True,True
2024-06-06,17.36916460455894,0.9206251260007023,0.6997079394844896,935.6729897565235,887.954602813264,True,3.5,True,True,True,True,True
2024-06-07,9.043482513986756,1.2417822184418352,0.6473482354272133,1415.3495967121682,985.7424607150454,True,3.5,True,True,True,True,True
2024-06-08,18.28276804316915,2.752457880779685,0.43607256861498134,1076.3870904463106,803.1907365104092,True,3.5,True,True,True,True,True
2024-06-09,10.126591648863393,0.07474590464295693,0.5951153334345436,1086.0083294382139,846.3249518898446,True,3.5,True,True,True,True,True
2024-06-10,18.93542301871226,0.5818732437647944,0.4804869484700134,1206.0566908063684,1055.3322416952856,True,3.5,True,True,True,True,True
2024-06-11,20.79297789503702,2.4989837499120515,0.34579103666331706,1047.7578318053027,836.1129769232853,True,3.5,True,True,True,True,True
2024-06-12,10.896588408241447,4.511533508661227,0.7586567877311214,948.1915708358594,1190.2524671270592,True,3.5,True,True,True,True,True
2024-06-13,19.81688064622161,1.4335582244168017,0.3684093154594807,960.7300301830044,884.8264468447317,True,3.5,True,True,True,True,True
2024-06-14,17.06390463468249,1.5190590047061379,0.7751186769104013,985.6797481171872,535.8855861266273,True,3.5,True,True,True,True,True
2024-06-15,19.11030079997245,0.22672267708132676,0.5230028864789779,992.5555526980316,913.0012431656799,True,3.5,True,True,True,True,True
2024-06-16,24.483964913269737,1.1862864921671017,0.3925664644193098,1145.525908727396,857.1737577324167,True,3.5,True,True,True,True,True
2024-06-17,13.773059419985648,1.5212135981105799,0.5709504736891791,1010.3891771614599,993.4629131124118,True,3.5,True,True,True,True,True
2024-06-18,11.231319178212551,0.5553856065213066,0.7364729179382041,1146.528015443116,900.9772026904938,True,3.5,True,True,True,True,True
2024-06-19,10.552427851872384,0.6273492237570877,0.6661124432047806,983.8566839782835,779.231602402434,True,3.5,True,True,True,True,True
2024-06-20,10.920948575172808,0.947329969604944,0.7032805739307249,1015.7270380632182,616.3552645565951,True,3.5,True,True,True,True,True
2024-06-21,14.61449145292948,0.04055072150062903,0.6293916833553587,600.3598630935785,768.6465114070962,True,3.5,True,True,True,True,True
2024-06-22,16.70575987408322,0.7774495225122715,0.6461382822589262,1183.2655349404963,672.421931868605,True,3.5,True,True,True,True,True
2024-06-23,16.383453996650097,0.47511387124725973,0.7245978257826596,1069.2976951795986,712.9214825292916,True,3.5,True,True,True,True,True
2024-06-24,19.13591624518012,0.7934984604639653,0.42483400442959296,1199.6020219719305,888.2867606630914,True,3.5,True,True,True,True,True
2024-06-25,15.065009459389534,0.25512620656956253,0.5447124818215703,420.7489243612622,1050.485675652711,True,3.5,True,True,True,True,True
2024-06-26,22.267670385786584,4.424159799886049,0.4106047209098011,1417.6749409561455,859.2007294734472,True,3.5,True,True,True,True,True
2024-06-27,13.67671583381022,1.8007976277591196,0.7938340039983235,972.0820743689652,620.6175406947224,True,3.5,True,True,True,True,True
2024-06-28,28.600845832948096,2.2732659157860633,0.7720296698433067,1221.6365633475034,866.6904002330211,True,3.5,True,True,True,True,True
2024-06-29,18.12833673882503,3.1134180647555825,0.31971340568425294,792.0188145748939,979.4947229968477,True,3.5,True,True,True,True,True
2024-06-30,10.714212217918586,1.3800728436977703,0.6527875862578443,1122.554781012514,708.5325643520927,True,3.5,True,True,True,True,True
2024-07-01,9.645537509694439,0.1818641890349117,0.7626241587078328,789.3168873652687,779.8974249990623,True,3.5,True,True,True,True,True
2024-07-02,17.412362076215928,1.5405167265896451,0.39028767256366675,875.2462078608389,802.2032292093795,True,3.5,True,True,True,True,True
2024-07-03,13.882686073370746,1.7678461157427472,0.5839726152763147,1382.8062707733573,682.265253037664,True,3.5,True,True,True,True,True
2024-07-04,18.57000247046046,2.7364332976168186,0.7577441487940209,961.8635198473307,897.2420650765789,True,3.5,True,True,True,True,True
2024-07-05,17.366188122867726,1.1300692987659642,0.3169729892928994,1043.4865746359446,781.8577777088327,True,3.5,True,True,True,True,True
2024-07-06,14.635855436715635,0.27296933345862445,0.64871013362342,1174.0135461377508,862.9298665860541,True,3.5,True,True,True,True,True
2024-07-07,10.766031409657975,0.6675243605234078,0.44867450368627537,1099.136377594521,666.876173329685,True,3.5,True,True,True,True,True
2024-07-08,7.425763876570677,0.9022296509492469,0.7621980976882652,1030.0837810287153,734.3812549514885,True,3.5,True,True,True,True,True
2024-07-09,12.767425239664895,2.0764492232437233,0.7855291225826839,1072.992200493245,908.3572036741657,True,3.5,True,True,True,True,True
2024-07-10,19.28199397161736,1.6915634424028392,0.772133244556717,1480.683117047655,744.0750271862349,True,3.5,True,True,True,True,True
2024-07-11,16.07046872065102,0.8804135193036123,0.5371071083287319,988.4762405932829,1059.0445776850108,True,3.5,True,True,True,True,True
2024-07-12,8.77130610644006,8.612391544339625,0.7310213254946567,1040.2198093429936,740.0545721578096,True,3.5,True,True,True,True,True
2024-07-13,15.86590462925591,1.8616660169344186,0.7222746992675352,1210.1308792015225,833.7027088627829,True,3.5,True,True,True,True,True
2024-07-14,16.926586898644185,0.5415890575135999,0.4595502366216278,1221.1051865915967,939.8886247809635,True,3.5,True,True,True,True,True
2024-07-15,10.580712818994336,0.2146860092497737,0.7144577370753387,1237.406061112076,587.2451400600453,True,3.5,True,True,True,True,True
2024-07-16,15.76862552972764,0.33177658517965175,0.3185038173577463,1127.746044405837,535.8786782028836,True,3.5,True,True,True,True,True
2024-07-17,15.29104359223,0.5646136987902819,0.5981349392410265,771.3990174539033,571.1515528144857,True,3.5,True,True,True,True,True
2024-07-18,9.285148510846884,0.35032974990858806,0.4150044186438515,1326.6863064602192,989.3876155140773,True,3.5,True,True,True,True,True
2024-07-19,16.788936801741418,0.4129834909091608,0.3602834428886394,770.7309213962624,717.221278116133,True,3.5,True,True,True,True,True
2024-07-20,17.80392263184117,0.6712116964308931,0.33847660081460457,1060.5270930478066,1183.7298928502378,True,3.5,True,True,True,True,True
2024-07-21,20.415256215876383,0.380804867325774,0.6481443879390698,849.1448299961285,715.3628602013918,True,3.5,True,True,True,True,True
2024-07-22,20.269010260174515,4.541502898711831,0.46993748188403306,987.1723306814015,827.6826954795555,True,3.5,True,True,True,True,True
2024-07-23,8.111653160214544,0.16727142518400032,0.6623833857643807,1065.7524820606961,1031.3164928851813,True,3.5,True,True,True,True,True
2024-07-24,10.310874800424386,1.4868247002254054,0.3326781703994712,1064.2714430900546,1100.9139332238683,True,3.5,True,True,True,True,True
2024-07-25,17.5751763360433,1.0566111129786047,0.45764516891530516,1084.3841508470568,1109.2255364954597,True,3.5,True,True,True,True,True
2024-07-26,17.568929754561044,8.07728433203184,0.5697456461876687,1322.7422538117294,981.2549345889713,True,3.5,True,True,True,True,True
2024-07-27,17.575238431530238,0.2376546913948098,0.6953615824194818,1090.706860302796,953.6093788717194,True,3.5,True,True,True,True,True
2024-07-28,34.26365745327361,1.0145159874848608,0.45937625146603495,951.1686729418702,888.8790423801775,True,3.5,True,True,True,True,True
2024-07-29,17.854452553465833,6.97811932825343,0.6129456882185045,1192.8174336576715,916.7541614249957,True,3.5,True,True,True,True,True
2024-07-30,20.677828200902994,4.0124881239363095,0.7429888741180936,1237.8940977849281,717.32214255072,True,3.5,True,True,True,True,True
2024-07-31,19.770008817466014,3.397326068072359,0.6079315940911523,754.4784369726015,677.2701674866539,True,3.5,True,True,True,True,True
2024-08-01,18.25695625652899,0.5965501670670093,0.41647973737681687,1119.4800139699717,799.4938313883572,True,3.5,True,True,True,True,True
2024-08-02,13.423653776798272,0.3747990655729751,0.312200390778269,1140.2345484621796,774.4723066212607,True,3.5,True,True,True,True,True
2024-08-03,18.794846102466337,2.209119197363567,0.735049436950465,940.4872993280017,732.0157926009088,True,3.5,True,True,True,True,True
2024-08-04,11.13587392731214,5.300770189919911,0.31063470542519356,1275.141362662324,904.4581171185073,True,3.5,True,True,True,True,True
2024-08-05,13.815906966299956,1.6273008438094845,0.7373508363420997,969.9888825934946,943.2957812855766,True,3.5,True,True,True,True,True
2024-08-06,12.573182260854482,1.695455122917173,0.564468567013606,1025.1152906943084,813.2610329437771,True,3.5,True,True,True,True,True
2024-08-07,15.409370696931612,0.6569500616213017,0.7695338492564481,965.3856351432261,1021.6295121582893,True,3.5,True,True,True,True,True
2024-08-08,26.573292833367542,2.934947516824177,0.6993916178868327,1003.1158095162936,628.7466328799742,True,3.5,True,True,True,True,True
2024-08-09,5.663674037041259,0.4141559642921417,0.7989670552666688,780.7449826209596,770.9510811080423,True,3.5,True,True,True,True,True
2024-08-10,18.43130095187257,0.7821756262384653,0.47535590772585506,711.9898234811411,692.4766519095792,True,3.5,True,True,True,True,True
2024-08-11,6.936420644051742,1.108289100139661,0.6835941444655634,1318.9010126449944,520.019507439041,True,3.5,True,True,True,True,True
2024-08-12,12.640340671052833,1.416969925289397,0.5009654568046211,830.6077303363345,787.5978971235951,True,3.5,True,True,True,True,True
2024-08-13,20.444752984836832,0.5552251671392117,0.5399378101519544,801.7215301087385,781.7378737425074,True,3.5,True,True,True,True,True
2024-08-14,15.321400095477314,0.2439665442882709,0.6137527316091851,569.321977279257,1027.0174614863197,True,3.5,True,True,True,True,True
2024-08-15,9.611276110353469,1.886399314858713,0.7368385570931694,872.2076504620995,894.6217526832166,True,3.5,True,True,True,True,True
2024-08-16,11.423481453700159,0.6811267368730836,0.7920417345996476,735.3820413185003,646.3719763506192,True,3.5,True,True,True,True,True
2024-08-17,18.39798874467338,1.7409061365848872,0.684136706932259,1328.4030320272739,1078.1138849501283,True,3.5,True,True,True,True,True
2024-08-18,11.348166841414317,0.3353295055413596,0.5088833910836669,1201.963417868527,983.155054328803,True,3.5,True,True,True,True,True
2024-08-19,16.082292947909874,1.312242756057055,0.5106785011385351,862.3699309644553,887.3146555202924,True,3.5,True,True,True,True,True
2024-08-20,15.227859199519068,1.5210944962581556,0.6687911507944457,1450.4871610688617,766.0273851725252,True,3.5,True,True,True,True,True
2024-08-21,11.741998261970915,0.10642930291424266,0.41938857288415116,1196.3530973983188,656.084114491478,True,3.5,True,True,True,True,True
2024-08-22,25.719720446626628,0.8207672027608465,0.3552370565656973,935.0337232982755,744.168983589342,True,3.5,True,True,True,True,True
2024-08-23,18.169595111590056,0.2886986536638632,0.47731107882038826,500.11885702528537,963.3122929556279,True,3.5,True,True,True,True,True
2024-08-24,4.874287066711965,0.13094451754504977,0.44361949582704086,1458.1885145181484,1082.6879458901913,True,3.5,True,True,True,True,True
2024-08-25,15.932271573847139,9.202402622790649,0.44815406022799503,722.0855066472808,1031.4865292408283,True,3.5,True,True,True,True,True
2024-08-26,11.69106767615806,0.7782600450388405,0.41680387552495496,670.9202506086217,726.6725867320589,True,3.5,True,True,True,True,True
2024-08-27,19.26216667398112,3.3201412275397972,0.32104659481818093,1204.5140864019281,632.0573850066484,True,3.5,True,True,True,True,True
2024-08-28,11.037396307836497,0.5877776685868028,0.3089369673667069,1487.9504812678547,821.1329370366806,True,3.5,True,True,True,True,True
2024-08-29,14.426317792665506,2.288282702040703,0.7938611948680158,1276.8545637021036,534.7340951655722,True,3.5,True,True,True,True,True
2024-08-30,17.524936394902287,2.856132445656417,0.5138865668679311,1112.7818240104718,848.4751571277172,True,3.5,True,True,True,True,True
2024-08-31,19.328775970850607,1.8108931883382795,0.49216332357984083,1118.950868333057,777.8596120551997,True,3.5,True,True,True,True,True
2024-09-01,8.998517964721119,1.2757132880905435,0.6398236413465349,1170.6831117560616,730.0945247197636,True,3.5,True,True,True,True,True
2024-09-02,13.327493820795258,1.0615156270107555,0.4091269439325321,1151.785717957353,560.7945399099807,True,3.5,True,True,True,True,True
2024-09-03,12.62527344419522,0.8580866034079496,0.7749805919751127,1056.2382847938752,877.0400159854574,True,3.5,True,True,True,True,True
2024-09-04,11.73335383713144,5.305112096441562,0.693172507207776,1020.8402207903753,720.0948740507133,True,3.5,True,True,True,True,True
2024-09-05,23.827271201405484,3.551214142283596,0.34470550115612975,987.4813744200956,624.5124746434568,True,3.5,True,True,True,True,True
2024-09-06,17.024908554804778,6.706352778831383,0.5087903878924642,849.2070822266647,369.1606680077526,True,3.5,True,True,True,True,True
2024-09-07,8.695580228324774,0.2654570836722111,0.7395591537810824,943.8649846266452,795.8727642424045,True,3.5,True,True,True,True,True
2024-09-08,19.58930973527388,2.625102726921015,0.7723660111457051,661.4086371609229,1065.8377395004616,True,3.5,True,True,True,True,True
2024-09-09,25.610780985063165,5.572254530522481,0.5337007556249349,980.33207464105,1049.1888821821806,True,3.5,True,True,True,True,True
2024-09-10,20.162326302755734,0.39991161940159536,0.6067056946053538,802.2817785698165,731.4355615120592,True,3.5,True,True,True,True,True
2024-09-11,7.403150170229933,0.13762063494499374,0.3835169730460376,779.2821365568458,709.6681909457329,True,3.5,True,True,True,True,True
2024-09-12,12.578829635668743,2.702786306377244,0.7955843130684883,1035.9788302306956,870.3161384112535,True,3.5,True,True,True,True,True
2024-09-13,21.334555745933113,1.7088542883973394,0.4158358506917217,1278.4004572689198,650.2421841217563,True,3.5,True,True,True,True,True
2024-09-14,11.461652671906096,3.6881542826429556,0.7713658870675628,1183.6633212004626,845.2687849729199,True,3.5,True,True,True,True,True
2024-09-15,17.219097140731144,0.3011164928283852,0.6248233244961843,685.8998792753646,914.9120417577035,True,3.5,True,True,True,True,True
2024-09-16,18.873170267146683,3.172100222063736,0.6038683974394295,802.0743726859325,984.0399835826461,True,3.5,True,True,True,True,True
2024-09-17,10.365347642109585,0.4503595461340459,0.5563442555082543,1188.1542375976433,784.9768885280071,True,3.5,True,True,True,True,True
2024-09-18,14.702373219691,0.357430397931036,0.41533490585887933,803.5025212923381,769.4489374734551,True,3.5,True,True,True,True,True
2024-09-19,-1.2063367003453642,0.3588893131199014,0.3882640160027541,955.0733700005951,668.3026119865158,True,3.5,True,True,True,True,True
2024-09-20,9.878061793328552,3.3702065651280173,0.41024310453508767,1110.0104198049103,675.967946894021,True,3.5,True,True,True,True,True
2024-09-21,13.737159243034199,2.188427278031938,0.39321913107212725,806.331109027273,766.028166214771,True,3.5,True,True,True,True,True
2024-09-22,8.761084090175753,1.4807519126920887,0.6897922367833766,1021.075101229192,855.1048260224267,True,3.5,True,True,True,True,True
2024-09-23,23.162056519658176,0.8889228033561363,0.47506262958336504,733.1949010163592,937.0376939349874,True,3.5,True,True,True,True,True
2024-09-24,7.849293110196837,4.194405334588665,0.3289213382816982,879.7264712097573,679.5231573979482,True,3.5,True,True,True,True,True
2024-09-25,12.79977756651508,0.9966254993948899,0.7845513150704057,1063.9563868285074,1023.9032853439282,True,3.5,True,True,True,True,True
2024-09-26,15.653702886430457,3.3921653256961393,0.7418929424817129,681.4012532936661,759.3314598436147,True,3.5,True,True,True,True,True
2024-09-27,22.206366445330577,1.1565497622277607,0.7638761415976065,1088.0949475920797,796.7949058477345,True,3.5,True,True,True,True,True
2024-09-28,7.8206892441028035,0.9462391316354742,0.7974539113232176,996.0724402146637,687.9182481278265,True,3.5,True,True,True,True,True
2024-09-29,20.815818760774796,1.2423221197992051,0.38694762460974363,1110.4979908834296,436.3639609590588,True,3.5,True,True,True,True,True
2024-09-30,15.051165305097935,0.7172905508612841,0.49812100945132937,1044.7828268129324,932.6068094541574,True,3.5,True,True,True,True,True
2024-10-01,10.092456744760245,2.753554625873879,0.6791192378520456,1272.8280859947688,910.526584563865,True,3.5,True,True,True,True,True
2024-10-02,17.310517371316354,1.397205631391192,0.648010309026896,1025.0449005295814,757.800866432268,True,3.5,True,True,True,True,True
2024-10-03,15.995298477867351,0.5284850619941305,0.3769479531699275,914.1188917749494,810.0486075837308,True,3.5,True,True,True,True,True
2024-10-04,11.998915614206027,4.596679699101167,0.7079165624953089,1024.4595006064567,877.3908826556149,True,3.5,True,True,True,True,True
2024-10-05,15.349010424950094,0.9686634847174226,0.4122202859183303,1108.6596058072776,565.6181214670186,True,3.5,True,True,True,True,True
2024-10-06,13.0734320156912,1.568564764355527,0.41190880741131153,1009.7720140651409,720.6420983980557,True,3.5,True,True,True,True,True
2024-10-07,15.56758672625624,4.738991217419253,0.5684872114467068,1008.1183382407764,919.1397019432741,True,3.5,True,True,True,True,True
2024-10-08,18.310653372605234,1.9575986077146614,0.5964699674208516,859.6016624386489,611.8565865246126,True,3.5,True,True,True,True,True
2024-10-09,22.93008408072676,0.2486292317155595,0.5900431039189056,867.4198164898104,844.0336898249944,True,3.5,True,True,True,True,True
2024-10-10,8.810922505865754,5.621233367864418,0.3457434186988774,719.4789456400613,596.5127293064893,True,3.5,True,True,True,True,True
2024-10-11,25.665166873281333,1.9761538578696525,0.7387304313151901,1349.915348637388,869.9644973650289,True,3.5,True,True,True,True,True
2024-10-12,5.239561002387491,0.8156526311026188,0.432800021294353,751.227352921743,794.6537776553774,True,3.5,True,True,True,True,True
2024-10-13,14.241074524822084,0.2999536412328516,0.3647574606414021,861.4189604408185,557.7302276141736,True,3.5,True,True,True,True,True
2024-10-14,17.941586032422883,3.160002791360534,0.7443740399344886,856.3185468861604,974.7109031685757,True,3.5,True,True,True,True,True
2024-10-15,16.404959338675162,1.9355510151257047,0.7778257491148767,1178.9848753888882,689.8112634802926,True,3.5,True,True,True,True,True
2024-10-16,11.886502400897031,1.5248277160980563,0.7310638086327252,941.0100643415944,678.4621344478428,True,3.5,True,True,True,True,True
2024-10-17,13.959388748213623,4.486606661072891,0.704758037362439,1249.5484145347468,830.0853795846414,True,3.5,True,True,True,True,True
2024-10-18,12.534995326705836,3.107980027392144,0.6276209903195109,865.3018751512263,972.2956024143073,True,3.5,True,True,True,True,True
2024-10-19,12.053176215278942,0.32898264025268176,0.5754286853045696,1055.7988324447604,647.6267271532405,True,3.5,True,True,True,True,True
2024-10-20,19.248010485105123,0.7471251027916009,0.34349337995570506,832.9305893480486,809.2519774771957,True,3.5,True,True,True,True,True
2024-10-21,16.785077429825236,0.5713392370976759,0.5042266065353493,1429.0298255546777,864.3224750495859,True,3.5,True,True,True,True,True
2024-10-22,11.53545202369673,2.724736123736823,0.486344258506157,762.4803161940974,903.9658410894716,True,3.5,True,True,True,True,True
2024-10-23,19.497999377166252,0.06821507971567586,0.4298768918801631,1061.9641420454054,826.4662332915838,True,3.5,True,True,True,True,True
2024-10-24,16.536497604383047,1.687427112772286,0.6617100568442924,1126.7553761864197,744.9458241375016,True,3.5,True,True,True,True,True
2024-10-25,19.0643105941948,2.8748274317195577,0.5479378675393853,1082.7598194902996,675.8614669026921,True,3.5,True,True,True,True,True
2024-10-26,18.14814420961806,4.187334688771876,0.34052310795382396,962.9424682244584,812.9215824569562,True,3.5,True,True,True,True,True
2024-10-27,10.855024945389639,0.8373491870901855,0.41009160097490566,974.0358600533148,639.179148202159,True,3.5,True,True,True,True,True
2024-10-28,12.199094799015153,3.443615927082006,0.641629381829798,1008.7622943958219,361.7974274758089,True,3.5,True,True,True,True,True
2024-10-29,18.736468025616308,0.23448777019755468,0.3380654297451501,970.5995996743022,865.4839706236502,True,3.5,True,True,True,True,True
2024-10-30,18.051851327167324,3.7474879144233753,0.7256034570243843,1192.775823358982,935.5902261629293,True,3.5,True,True,True,True,True
2024-10-31,14.895492030179259,0.2727592610561417,0.5475732635069872,1442.1046003182703,445.56013466872423,True,3.5,True,True,True,True,True
2024-11-01,15.58663691654391,1.0126292624197286,0.540293288663324,888.5016429984332,648.5403942935094,True,3.5,True,True,True,True,True
2024-11-02,21.388324478942124,3.19201072665298,0.5962038923297588,726.0394040841844,892.8731391507797,True,3.5,True,True,True,True,True
2024-11-03,12.042143055820851,0.32484357984083234,0.7123404829625746,982.3435903297491,1108.6243204567547,True,3.5,True,True,True,True,True
2024-11-04,17.735486905850188,0.5207860448895019,0.4739046039510965,1515.9418675308639,803.1190561513112,True,3.5,True,True,True,True,True
2024-11-05,13.98903673783053,2.562086195289811,0.6390080762795318,839.2650864060538,690.7995588156298,True,3.5,True,True,True,True,True
2024-11-06,13.911593983863899,2.5461923439833893,0.5828659819978955,1327.8233610888135,772.565533834274,True,3.5,True,True,True,True,True
2024-11-07,20.49388425993595,2.0496884174747816,0.43351413508471065,1335.540162815288,1006.2314628722277,True,3.5,True,True,True,True,True
2024-11-08,19.12708174494015,2.368003418175234,0.739314993177579,889.2823516584011,703.1053731313198,True,3.5,True,True,True,True,True
2024-11-09,19.067548180003193,1.5649382023912763,0.698713010803464,1113.796615837055,680.1211990024619,True,3.5,True,True,True,True,True
2024-11-10,21.527394035771646,0.5801673985188198,0.6292259173292127,1325.6793246257075,727.5884716726952,True,3.5,True,True,True,True,True
2024-11-11,15.105019208163796,0.8483663875865268,0.725290864547121,924.1744518025026,657.0007087611932,True,3.5,True,True,True,True,True
2024-11-12,18.40976485647482,0.40080254903306367,0.7336471004799012,959.2839279795277,818.4005473992194,True,3.5,True,True,True,True,True
2024-11-13,13.44866621703272,4.7817522786473035,0.6541814883575174,883.6638172102712,1043.701768770434,True,3.5,True,True,True,True,True
2024-11-14,16.62083176244221,1.751218109273197,0.7185066641818361,797.0486538614266,848.4618909674043,True,3.5,True,True,True,True,True
2024-11-15,14.349284728161576,1.0244913189580447,0.6487357308346418,870.1444909867986,762.1469746810569,True,3.5,True,True,True,True,True
2024-11-16,15.484979824963592,1.2398150126423266,0.6400703858801502,755.2119466475488,756.2283096626684,True,3.5,True,True,True,True,True
2024-11-17,17.97578512718457,5.885647473994422,0.6093056891075921,1006.8166936518452,565.5213786955014,True,3.5,True,True,True,True,True
2024-11-18,10.908896583832638,0.33293910025700135,0.6763583197788205,846.0053537882716,932.4664665720738,True,3.5,True,True,True,True,True
2024-11-19,25.461936378427303,1.764889218217108,0.37930255264653684,1046.7571823581495,788.3244204480796,True,3.5,True,True,True,True,True
2024-11-20,9.96991309250149,1.4099888815863546,0.7404353795994643,688.8208707592746,772.9280129614061,True,3.5,True,True,True,True,True
2024-11-21,8.92905693606134,1.8906886360061455,0.735921763872616,1066.1760464428914,1278.966135176729,True,3.5,True,True,True,True,True
2024-11-22,20.790554367500338,0.03655236081299447,0.31462364151727956,1166.7057923217849,844.812936254853,True,3.5,True,True,True,True,True
2024-11-23,18.95831346981468,4.113387045081393,0.7129083752823813,601.252871485709,687.2313424857224,True,3.5,True,True,True,True,True
2024-11-24,18.120599085260775,5.379977073382504,0.3644349337367226,1074.8113139695145,736.0463605691685,True,3.5,True,True,True,True,True
2024-11-25,18.1417275463214,1.6654309278867954,0.46755942712957094,1245.5337984946584,972.2668563795132,True,3.5,True,True,True,True,True
2024-11-26,14.938766135765427,2.3857414810519164,0.6717541281458039,758.0717962617589,816.9905615806647,True,3.5,True,True,True,True,True
2024-11-27,10.513728142570843,5.1149387156912525,0.3803799480241541,1334.5144773675406,584.258303252395,True,3.5,True,True,True,True,True
2024-11-28,15.379022790968632,2.4567949067850363,0.7089835120595311,1083.803801873209,937.8843401862805,True,3.5,True,True,True,True,True
2024-11-29,11.614191442439441,0.3310210182482434,0.716067088978871,858.9976288483183,699.7783871691508,True,3.5,True,True,True,True,True
2024-11-30,19.875598667088756,1.7174042997051204,0.5537338668804181,988.8461844684588,1080.994666432632,True,3.5,True,True,True,True,True
2024-12-01,14.264713092489307,1.86644171406803,0.3031929358584168,1111.6653825043445,962.0072098571973,True,3.5,True,True,True,True,True
2024-12-02,10.872514016037442,1.1037490078456422,0.4435190665874564,1015.2010782824823,732.9017156511873,True,3.5,True,True,True,True,True
2024-12-03,13.393070791735033,2.666980607766784,0.608463459187871,1107.7511984892737,992.152454260267,True,3.5,True,True,True,True,True
2024-12-04,17.06465727137812,5.447353771524949,0.7905930890137117,815.8652813841268,810.1783265791105,True,3.5,True,True,True,True,True
2024-12-05,12.181377235980126,5.195752426108235,0.6159067635083342,1033.8721648072155,927.9160512683329,True,3.5,True,True,True,True,True
2024-12-06,10.888898022167844,1.1987285926072353,0.4299017905320799,717.257100619004,872.7099225941712,True,3.5,True,True,True,True,True
2024-12-07,16.218436057459563,0.24035740910356837,0.6170028515498056,977.75478773026,673.046501751369,True,3.5,True,True,True,True,True
2024-12-08,16.224832855543614,8.378347978241413,0.5699926898579277,819.218471707042,703.4675251523807,True,3.5,True,True,True,True,True
2024-12-09,12.46528412314435,3.6514362216368856,0.6899226975755718,852.8940114820467,954.4941226371742,True,3.5,True,True,True,True,True
2024-12-10,12.644808471908386,0.2662919194341268,0.3534903194134792,1247.2186350420875,749.7837001840189,True,3.5,True,True,True,True,True
2024-12-11,16.16024968678818,5.072615881926552,0.680513951251014,1218.2620241188538,739.4527305137005,True,3.5,True,True,True,True,True
2024-12-12,7.759578292513379,4.078847862453727,0.5706332893380551,1121.8276241814353,656.7316130975971,True,3.5,True,True,True,True,True
2024-12-13,7.962681128117223,1.4631027719372984,0.7814960019294973,781.5374470654842,863.5398598390192,True,3.5,True,True,True,True,True
2024-12-14,11.40777889373782,1.7894275736581498,0.47093608301934303,936.7183100610396,1109.3787378864718,True,3.5,True,True,True,True,True
2024-12-15,13.932764241440763,1.0183296868180272,0.616310946566974,1242.6195399958367,639.8700628618591,True,3.5,True,True,True,True,True
2024-12-16,16.554537827990025,0.11263629848658757,0.7660140527550088,1028.343382727981,803.6329185009137,True,3.5,True,True,True,True,True
2024-12-17,22.376781084747762,0.8165297726014823,0.3512548639953396,1463.8659079963388,1011.8330833123143,True,3.5,True,True,True,True,True
2024-12-18,19.288298116010097,3.2476158221323574,0.7686142436182255,1078.6635678788743,788.0537913131427,True,3.5,True,True,True,True,True
2024-12-19,14.200307350182864,0.00928556813268577,0.6439428611504067,1038.4098232980064,867.8557694374601,True,3.5,True,True,True,True,True
2024-12-20,14.904918960486556,0.8114277931803374,0.33391852955258594,938.1767071594998,640.640970777968,True,3.5,True,True,True,True,True
2024-12-21,9.987353176810956,1.0155561897093563,0.4504817834734081,1026.7081809564565,864.2460645811473,True,3.5,True,True,True,True,True
2024-12-22,14.90743432003805,1.5417660482477635,0.6540860443226408,969.5060327238912,771.9283602493177,True,3.5,True,True,True,True,True
2024-12-23,13.556706805399308,5.047850952306083,0.33367530073438584,1141.621735337718,947.8594993519795,True,3.5,True,True,True,True,True
2024-12-24,16.613592801690448,0.8503542217815802,0.5910852300881366,1191.3404633589168,978.1079077347126,True,3.5,True,True,True,True,True
2024-12-25,10.863845282238385,0.8522129719169905,0.47294152847647836,842.8021078984101,1188.4345463027921,True,3.5,True,True,True,True,True
2024-12-26,17.596732571205862,2.675017903331131,0.6104577588837385,733.7534092884443,886.9449759820363,True,3.5,True,True,True,True,True
2024-12-27,22.66369456501289,1.2037555469846788,0.3228710169062564,632.7589253793407,848.8694474873249,True,3.5,True,True,True,True,True
2024-12-28,14.456199257715712,0.5087649474054508,0.7357684030761882,1101.5982653825088,829.1576452366004,True,3.5,True,True,True,True,True
2024-12-29,17.008558610494706,1.2045647011523102,0.7867444845886984,779.3266787652253,747.0250560783968,True,3.5,True,True,True,True,True
2024-12-30,18.450719958555563,0.3036398438627741,0.7844389276428457,569.4218814095034,850.7725765192537,True,3.5,True,True,True,True,True
